송성진,경상북도 평택시 잠실길,11554,김지박,대학 시간강사,019-196-1529,icoe@example.org,baegeunji,10.142.61.4,161.4.23.52,다중 주파수 취약점 환경,SeaShell
김서현,전라남도 충주시 압구정가,76020,김박권,곡물가공제품 기계 조작원,041-357-3843,areumgim@example.net,yejingim,192.168.129.231,192.21.39.230,확대된 클라이언트-서버 그래픽 인터페이스,LightSteelBlue
윤미경,제주특별자치도 동두천시 압구정로 (정남이동),62458,주식회사 최,국악 및 전통예능인,019-174-1895,yeongsungim@example.net,xseo,172.16.54.242,66.159.106.126,1:1 모듈형 도전,PaleVioletRed
김미경,울산광역시 마포구 양재천053거리 (수민이읍),09985,주식회사 김이배,섬유제조 기계조작원,053-905-1914,jeongjagim@example.org,minseojang,192.168.130.0,160.170.213.229,인체 공학적인 무해한 엔진,LemonChiffon
이영미,광주광역시 동구 서초중앙길,83118,엄김김,광고 및 홍보 전문가,044-676-4670,rheo@example.net,ei,172.28.223.255,208.35.174.200,멀티 채널 장거리 회로,Chocolate
김명숙,충청북도 평창군 강남대690거리 (영순우류읍),72737,이장,가전제품 설치 및 수리원,02-5476-3862,wi@example.com,minjaeo,10.153.91.87,152.92.128.130,안정적인 클라이언트 단 보안구역,LightSteelBlue
김정남,인천광역시 영등포구 오금70로 (도현송동),23012,유한회사 배,청소원,063-997-8337,yujinbag@example.net,jihungim,192.168.95.160,17.222.26.90,강화된 문맥 기반 엔진,AntiqueWhite
강수민,충청북도 예산군 가락1가 (명자남최읍),53779,주식회사 이,만화가 및 만화영화 작가,02-8762-5436,iyeongil@example.org,ti,172.23.200.104,195.254.126.48,다양한 실행 GUI,Lavender
최경숙,강원도 홍천군 테헤란로 (영일박이동),06058,(유) 강,기타 문리/기술 및 예능 강사,016-235-1668,cagwangsu@example.org,minseogyun,10.153.99.109,199.249.114.60,반동적인 분석중인 고객 만족,Gold
이정남,울산광역시 노원구 개포494거리 (영자오동),12018,주식회사 박,건설 및 광업 단순 종사원,018-483-2071,lgim@example.com,seohyeon54,172.24.168.9,151.79.82.77,원활한 작동 프레임워크,Brown
이현정,충청북도 하남시 역삼로 (건우강리),55021,김황,환경공학 시험원,070-1806-5251,mgim@example.net,ogjaheo,172.26.67.127,130.0.143.3,복제된 실시간 계층,MediumTurquoise
이채원,울산광역시 동대문구 반포대0로 (윤서진읍),67195,김박박,농림어업관련 단순 종사원,044-454-0476,hyeonjugwag@example.org,ogsun78,10.148.43.34,73.72.7.78,낮은 수요 중심 프레임워크,Blue
엄영식,광주광역시 강남구 테헤란3거리 (미경곽읍),46311,김문최,외선전공,062-970-9682,seoyungang@example.org,jeongnam00,10.178.184.166,223.185.30.39,가상 휴리스틱 그룹웨어,Peru
박은정,경상남도 금산군 논현09길,68257,주식회사 박장김,금속기계부품 조립원,033-227-0284,seongminbag@example.com,migyeong29,172.16.40.139,84.227.156.232,업그레이드 가능한 컨텐츠 기반 소프트웨어,Chocolate
김서연,경기도 인제군 반포대8가,18496,주식회사 김,세탁관련 기계조작원,011-391-3294,migyeong58@example.net,ubag,172.27.156.45,213.127.185.15,품질 중심의 확장 코어,BurlyWood
강은주,전라남도 양구군 논현647길,60787,유한회사 김,실내장식 디자이너,019-980-8295,iyun@example.net,ti,192.168.206.50,212.135.107.243,숙련된 글로벌 프로젝트,MediumAquaMarine
이정자,세종특별자치시 강동구 가락로 (옥자김김리),16278,유한회사 이,패스트푸드원,054-578-3471,tan@example.org,gimboram,172.18.81.178,198.52.103.152,특별한 다중 상태 패러다임,PaleVioletRed
이윤서,전라북도 안산시 상록구 서초대18로,13011,김권,목제품 제조관련 종사원,042-110-1375,lan@example.org,gyeongsugim,172.19.96.228,199.139.42.8,융합된 실행 알고리즘,DarkSalmon
박민석,경상남도 공주시 학동497길 (옥순이면),01575,(주) 서유김,이용사,043-569-1411,seongsu86@example.net,nyun,10.250.199.237,74.59.201.195,다용도 분리된 배열,LightSkyBlue
최민수,울산광역시 강동구 서초중앙가,13892,(유) 김,항공기 조종사,053-485-4826,jeongjagim@example.com,ksin,192.168.229.109,18.190.201.216,진보적인 범국가적 공개 시스템,RoyalBlue
노정자,충청북도 고양시 일산서구 서초대49거리,83188,유한회사 김,학습지 및 방문 교사,061-378-1585,ki@example.com,seongho33,172.16.84.172,76.146.214.70,멀티 채널 객체 지향적 미들웨어,Tomato
심지연,강원도 평택시 선릉길 (유진노면),29388,윤황최,상담 전문가 및 청소년 지도사,033-977-7312,sanghyeonjang@example.net,di,192.168.200.206,17.40.7.115,트리플 버퍼 안정적 어댑터,Ivory
이재호,서울특별시 강북구 양재천로 (현주김동),46819,(주) 김우이,전기/전자 및 기계 공학 시험원,010-9624-3686,gimgyeongja@example.com,seongmin37,10.179.15.92,71.7.131.37,무결점의 분리형 데이터베이스,MediumBlue
장지아,경기도 남양주시 잠실1길 (현주남김동),17813,(유) 이전김,건축 석공,010-6235-3474,junyeongseo@example.net,junseoi,10.206.242.19,156.186.231.20,크로스 그룹 중립형 시간화,Red
서유진,경기도 태안군 반포대로,90669,주식회사 배송허,섀시 조립 및 설치원,017-997-3486,can@example.net,myun,192.168.213.64,174.205.217.198,비전 있는 확장 능력,Wheat
김병철,인천광역시 영등포구 영동대351길 (상철조이마을),68148,김김,가구 제조 및 수리원,032-752-9041,jinu54@example.net,misuggim,10.101.137.81,180.113.172.108,적응된 중립형 LAN,FloralWhite
김혜진,울산광역시 구로구 영동대38로,03565,박노허,숙박/여행/오락 및 스포츠 관련 관리자,062-544-0399,jongsu13@example.com,gimseongmin,172.19.234.126,163.224.153.172,강화된 실행 어댑터,Khaki
이현지,서울특별시 노원구 도산대가 (지민박마을),87156,(주) 김,패션 디자이너,052-619-0798,sanghunhong@example.org,ijimin,10.83.104.83,150.16.89.61,줄어든 가치추가 프레임,LightSalmon
송민수,경상남도 성남시 서초대로 (현정나읍),00369,김이김,정보 시스템 운영자,044-133-1929,dohyeon22@example.com,oseongho,172.31.228.74,197.116.120.107,원활한 글로벌 아키텍쳐,GoldenRod
홍은주,강원도 진천군 압구정7거리,67034,(유) 박,영업 및 판매 관련 관리자,011-700-9499,jeongsu63@example.com,yeonghyi17,10.97.251.103,174.13.241.89,올바른 사이즈의 수요 중심 태도,FloralWhite
